{"cameraMode":{"drawMode":0,"name":"Shaded","section":"Shading Mode"},"sceneLighting":true,"audioPlay":false,"sceneViewState":{"showFog":false,"showMaterialUpdate":false,"showSkybox":false,"showFlares":false,"showImageEffects":false,"showParticleSystems":false},"in2DMode":false,"pivot":{"x":-11.515373229980469,"y":1.0302613973617554,"z":3.697715997695923},"rotation":{"x":0.3559441566467285,"y":-0.0070691173896193508,"z":0.002653728239238262,"w":0.9345526099205017},"size":13.893878936767579,"orthographic":false}