{"cameraMode":{"drawMode":0,"name":"Shaded","section":"Shading Mode"},"sceneLighting":true,"audioPlay":false,"sceneViewState":{"showFog":false,"showMaterialUpdate":false,"showSkybox":false,"showFlares":false,"showImageEffects":false,"showParticleSystems":false},"in2DMode":false,"pivot":{"x":16.80390167236328,"y":5.588578224182129,"z":-1.0875022411346436},"rotation":{"x":0.32053208351135256,"y":0.08340999484062195,"z":-0.02834886498749256,"w":0.9431393146514893},"size":2.8578836917877199,"orthographic":false}