{"cameraMode":{"drawMode":0,"name":"Shaded","section":"Shading Mode"},"sceneLighting":true,"audioPlay":false,"sceneViewState":{"showFog":false,"showMaterialUpdate":false,"showSkybox":false,"showFlares":false,"showImageEffects":false,"showParticleSystems":false},"in2DMode":false,"pivot":{"x":-10.24642562866211,"y":13.617268562316895,"z":4.980642318725586},"rotation":{"x":-0.09906291216611862,"y":-0.8887002468109131,"z":0.38479146361351015,"w":-0.22881463170051576},"size":8.232122421264649,"orthographic":false}