{"cameraMode":{"drawMode":0,"name":"Shaded","section":"Shading Mode"},"sceneLighting":true,"audioPlay":false,"sceneViewState":{"showFog":false,"showMaterialUpdate":false,"showSkybox":false,"showFlares":false,"showImageEffects":false,"showParticleSystems":false},"in2DMode":false,"pivot":{"x":-3.296879291534424,"y":-1.0675547122955323,"z":-0.0499400794506073},"rotation":{"x":0.2096703052520752,"y":-0.6936385631561279,"z":0.22303946316242219,"w":0.6520535349845886},"size":6.629528045654297,"orthographic":false}