{"cameraMode":{"drawMode":0,"name":"Shaded","section":"Shading Mode"},"sceneLighting":true,"audioPlay":false,"sceneViewState":{"showFog":false,"showMaterialUpdate":false,"showSkybox":false,"showFlares":false,"showImageEffects":false,"showParticleSystems":false},"in2DMode":false,"pivot":{"x":0.5915869474411011,"y":0.8048561811447144,"z":-0.15350985527038575},"rotation":{"x":0.007350061554461718,"y":-0.9926653504371643,"z":0.08568979054689408,"w":0.0850859135389328},"size":3.0758895874023439,"orthographic":false}