{"cameraMode":{"drawMode":0,"name":"Shaded","section":"Shading Mode"},"sceneLighting":true,"audioPlay":false,"sceneViewState":{"showFog":false,"showMaterialUpdate":false,"showSkybox":false,"showFlares":false,"showImageEffects":false,"showParticleSystems":false},"in2DMode":false,"pivot":{"x":-9.39753246307373,"y":1.446688175201416,"z":-2.9391367435455324},"rotation":{"x":-0.1522357016801834,"y":-0.8020886182785034,"z":0.23055286705493928,"w":-0.5295228958129883},"size":2.715963125228882,"orthographic":false}