{"cameraMode":{"drawMode":0,"name":"Shaded","section":"Shading Mode"},"sceneLighting":true,"audioPlay":false,"sceneViewState":{"showFog":false,"showMaterialUpdate":false,"showSkybox":false,"showFlares":false,"showImageEffects":false,"showParticleSystems":false},"in2DMode":false,"pivot":{"x":-5.97639799118042,"y":5.788209915161133,"z":-22.396907806396486},"rotation":{"x":-0.1655295193195343,"y":-0.8344350457191467,"z":0.37359678745269778,"w":-0.3700280487537384},"size":0.28403693437576296,"orthographic":false}