{"cameraMode":{"drawMode":0,"name":"Shaded","section":"Shading Mode"},"sceneLighting":true,"audioPlay":false,"sceneViewState":{"showFog":false,"showMaterialUpdate":false,"showSkybox":false,"showFlares":false,"showImageEffects":false,"showParticleSystems":false},"in2DMode":false,"pivot":{"x":371.1129455566406,"y":397.0278015136719,"z":-140.80975341796876},"rotation":{"x":0.01545354537665844,"y":0.22489015758037568,"z":0.0037138722836971285,"w":-0.9743556976318359},"size":268.6005554199219,"orthographic":false}